group,stack,role,depth_um,raw_mean,bg_subtracted,normalized
GelMA,GelMA deep 1,primary,0,2795.05,2641.38,1.0014
GelMA,GelMA deep 1,primary,4.8,2793.68,2640.56,1.00109
GelMA,GelMA deep 1,primary,9.6,2784.91,2631.13,0.997515
GelMA,GelMA deep 1,primary,14.4,2773.82,2620.14,0.993348
GelMA,GelMA deep 1,primary,19.2,2767.36,2613.68,0.990897
GelMA,GelMA deep 1,primary,24,2749.28,2595.83,0.984131
GelMA,GelMA deep 1,primary,28.8,2724.06,2570.17,0.974401
GelMA,GelMA deep 1,primary,33.6,2694.92,2541.02,0.963351
GelMA,GelMA deep 1,primary,38.4,2669.19,2515.01,0.953492
GelMA,GelMA deep 1,primary,43.2,2631.53,2477.54,0.939286
GelMA,GelMA deep 1,primary,48,2578.56,2423.85,0.918931
GelMA,GelMA deep 1,primary,52.8,2519.82,2364.91,0.896585
GelMA,GelMA deep 1,primary,57.6,2432.12,2277.33,0.863382
GelMA,GelMA deep 1,primary,62.4,2335.56,2180.67,0.826736
GelMA,GelMA deep 1,primary,67.2,2219.81,2064.51,0.782697
GelMA,GelMA deep 1,primary,72,2073.74,1919.03,0.727543
GelMA,GelMA deep 1,primary,76.8,1916.54,1761.72,0.667902
GelMA,GelMA deep 1,primary,81.6,1745.04,1589.97,0.602788
GelMA,GelMA deep 1,primary,86.4,1571.75,1416.9,0.537174
GelMA,GelMA deep 1,primary,91.2,1402.15,1247.37,0.472904
GelMA,GelMA deep 1,primary,96,1247.44,1092.58,0.414218
GelMA,GelMA deep 1,primary,100.8,1096.68,941.458,0.356926
GelMA,GelMA deep 1,primary,105.6,965.677,810.267,0.307188
GelMA,GelMA deep 1,primary,110.4,843.984,688.353,0.260968
GelMA,GelMA deep 1,primary,115.2,736.919,581.578,0.220488
GelMA,GelMA deep 1,primary,120,645.182,489.877,0.185722
GelMA,GelMA deep 1,primary,124.8,570.334,414.859,0.157281
GelMA,GelMA deep 1,primary,129.6,508.778,353.619,0.134064
GelMA,GelMA deep 1,primary,134.4,458.102,302.462,0.114669
GelMA,GelMA deep 1,primary,139.2,416.88,261.622,0.0991863
GelMA,GelMA deep 1,primary,144,382.068,226.429,0.0858439
GelMA,GelMA deep 1,primary,148.8,355.133,199.003,0.0754459
GelMA,GelMA deep 1,primary,153.6,331.556,175.763,0.0666352
GelMA,GelMA deep 1,primary,158.4,313.725,157.887,0.059858
GelMA,GelMA deep 1,primary,163.2,299.261,143.289,0.0543238
GelMA,GelMA deep 1,primary,168,285.576,129.727,0.0491821
GelMA,GelMA deep 1,primary,172.8,274.681,118.958,0.0450992
GelMA,GelMA deep 1,primary,177.6,266.308,110.229,0.0417902
GelMA,GelMA deep 1,primary,182.4,257.776,101.763,0.0385803
GelMA,GelMA deep 1,primary,187.2,252.076,96.0972,0.0364323
GelMA,GelMA deep 1,primary,192,247.067,91.1105,0.0345418
GelMA,GelMA deep 1,primary,196.8,242.418,86.2635,0.0327042
GelMA,GelMA deep 1,primary,201.6,236.54,80.6372,0.0305712
GelMA,GelMA deep 1,primary,206.4,233.815,78.0063,0.0295737
GelMA,GelMA deep 1,primary,211.2,230.029,74.5775,0.0282738
GelMA,GelMA deep 1,primary,216,227.187,70.9098,0.0268833
GelMA,GelMA deep 1,primary,220.8,224.349,68.3963,0.0259304
GelMA,GelMA deep 1,primary,225.6,221.382,65.2611,0.0247418
GelMA,GelMA deep 1,primary,230.4,218.736,62.5741,0.0237231
GelMA,GelMA deep 1,primary,235.2,216.627,60.864,0.0230748
GelMA,GelMA deep 1,primary,240,213.924,58.0601,0.0220117
GelMA,GelMA deep 1,primary,244.8,212.2,56.1262,0.0212785
GelMA,GelMA deep 1,primary,249.6,211.674,55.8385,0.0211695
GelMA,GelMA deep 1,primary,254.4,208.986,52.9229,0.0200641
GelMA,GelMA deep 1,primary,259.2,207.334,51.2711,0.0194379
GelMA,GelMA deep 1,primary,264,206.958,50.8945,0.0192951
GelMA,GelMA deep 1,primary,268.8,204.979,48.916,0.018545
GelMA,GelMA deep 1,primary,273.6,203.61,47.5464,0.0180258
GelMA,GelMA deep 1,primary,278.4,202.199,46.1356,0.0174909
GelMA,GelMA deep 1,primary,283.2,201.596,45.5328,0.0172624
GelMA,GelMA deep 1,primary,288,200.301,44.2374,0.0167713
GelMA,GelMA deep 1,primary,292.8,199.309,43.246,0.0163954
GelMA,GelMA deep 1,primary,297.6,197.542,41.4786,0.0157253
GelMA,GelMA deep 1,primary,302.4,196.943,40.8802,0.0154985
GelMA,GelMA deep 1,primary,307.2,195.847,39.784,0.0150829
GelMA,GelMA deep 1,primary,312,194.629,38.5657,0.014621
GelMA,GelMA deep 1,primary,316.8,195.277,39.2139,0.0148668
GelMA,GelMA deep 1,primary,321.6,193.434,37.3709,0.014168
GelMA,GelMA deep 1,primary,326.4,192.605,36.5414,0.0138536
GelMA,GelMA deep 1,primary,331.2,191.668,35.6045,0.0134984
GelMA,GelMA deep 1,primary,336,191.02,34.9563,0.0132526
GelMA,GelMA deep 1,primary,340.8,190.918,34.8544,0.013214
GelMA,GelMA deep 1,primary,345.6,189.559,33.4959,0.0126989
GelMA,GelMA deep 1,primary,350.4,188.515,32.4517,0.0123031
GelMA,GelMA deep 1,primary,355.2,187.813,31.7494,0.0120368
GelMA,GelMA deep 1,primary,360,188.039,31.9754,0.0121225
GelMA,GelMA deep 1,primary,364.8,186.693,30.6301,0.0116125
GelMA,GelMA deep 1,primary,369.6,186.401,30.3381,0.0115018
GelMA,GelMA deep 1,primary,374.4,185.742,29.6784,0.0112517
GelMA,GelMA deep 1,primary,379.2,187.835,31.7715,0.0120452
GelMA,GelMA deep 1,primary,384,185.733,29.6696,0.0112483
GelMA,GelMA deep 1,primary,388.8,184.707,28.644,0.0108595
GelMA,GelMA deep 1,primary,393.6,184.76,28.6966,0.0108795
GelMA,GelMA deep 1,primary,398.4,183.549,27.4861,0.0104205
GelMA,GelMA deep 1,primary,403.2,183.937,27.8737,0.0105675
GelMA,GelMA deep 1,primary,408,183.187,27.1237,0.0102831
GelMA,GelMA deep 1,primary,412.8,182.748,26.6848,0.0101167
GelMA,GelMA deep 1,primary,417.6,182.753,26.6894,0.0101185
GelMA,GelMA deep 1,primary,422.4,182.351,26.2875,0.00996611
GelMA,GelMA deep 1,primary,427.2,182.064,26.0009,0.00985745
GelMA,GelMA deep 1,primary,432,181.939,25.8762,0.00981017
GelMA,GelMA deep 1,primary,436.8,181.188,25.1246,0.00952524
GelMA,GelMA deep 1,primary,441.6,181.394,25.3308,0.00960342
GelMA,GelMA deep 1,primary,446.4,180.917,24.8533,0.00942238
GelMA,GelMA deep 1,primary,451.2,179.907,23.8438,0.00903965
GelMA,GelMA deep 1,primary,456,179.89,23.8263,0.00903303
GelMA,GelMA deep 1,primary,460.8,180.007,23.9436,0.00907749
GelMA,GelMA deep 1,primary,465.6,178.831,22.768,0.00863179
GelMA,GelMA deep 1,primary,470.4,178.427,22.3635,0.00847846
GelMA,GelMA deep 1,primary,475.2,178.492,22.4287,0.00850317
GelMA,GelMA deep 2,primary,0,2365.75,2212.08,0.988032
GelMA,GelMA deep 2,primary,4.8,2391.21,2238.09,0.999649
GelMA,GelMA deep 2,primary,9.6,2420.23,2266.45,1.01232
GelMA,GelMA deep 2,primary,14.4,2433.13,2279.45,1.01812
GelMA,GelMA deep 2,primary,19.2,2446.19,2292.5,1.02396
GelMA,GelMA deep 2,primary,24,2459.56,2306.11,1.03003
GelMA,GelMA deep 2,primary,28.8,2460.34,2306.45,1.03018
GelMA,GelMA deep 2,primary,33.6,2448,2294.1,1.02467
GelMA,GelMA deep 2,primary,38.4,2445.49,2291.31,1.02342
GelMA,GelMA deep 2,primary,43.2,2433.99,2280.01,1.01838
GelMA,GelMA deep 2,primary,48,2418.64,2263.93,1.01119
GelMA,GelMA deep 2,primary,52.8,2382.2,2227.3,0.994829
GelMA,GelMA deep 2,primary,57.6,2348.81,2194.02,0.979965
GelMA,GelMA deep 2,primary,62.4,2286.64,2131.75,0.952155
GelMA,GelMA deep 2,primary,67.2,2209.68,2054.38,0.917596
GelMA,GelMA deep 2,primary,72,2116.42,1961.71,0.876204
GelMA,GelMA deep 2,primary,76.8,2011.49,1856.67,0.829286
GelMA,GelMA deep 2,primary,81.6,1893.16,1738.09,0.776325
GelMA,GelMA deep 2,primary,86.4,1744.72,1589.87,0.710119
GelMA,GelMA deep 2,primary,91.2,1538.66,1383.88,0.618116
GelMA,GelMA deep 2,primary,96,1315.19,1160.33,0.518265
GelMA,GelMA deep 2,primary,100.8,1089.15,933.923,0.41714
GelMA,GelMA deep 2,primary,105.6,897.965,742.555,0.331665
GelMA,GelMA deep 2,primary,110.4,738.392,582.761,0.260292
GelMA,GelMA deep 2,primary,115.2,621.456,466.116,0.208192
GelMA,GelMA deep 2,primary,120,531.328,376.023,0.167952
GelMA,GelMA deep 2,primary,124.8,461.119,305.644,0.136517
GelMA,GelMA deep 2,primary,129.6,410.026,254.867,0.113837
GelMA,GelMA deep 2,primary,134.4,367.604,211.964,0.0946745
GelMA,GelMA deep 2,primary,139.2,336.457,181.2,0.0809337
GelMA,GelMA deep 2,primary,144,311.225,155.587,0.0694934
GelMA,GelMA deep 2,primary,148.8,288.9,132.77,0.0593022
GelMA,GelMA deep 2,primary,153.6,274.891,119.097,0.0531951
GelMA,GelMA deep 2,primary,158.4,260.464,104.626,0.0467315
GelMA,GelMA deep 2,primary,163.2,248.629,92.6577,0.0413859
GelMA,GelMA deep 2,primary,168,238.886,83.0373,0.0370889
GelMA,GelMA deep 2,primary,172.8,233.048,77.3249,0.0345374
GelMA,GelMA deep 2,primary,177.6,226.234,70.1553,0.0313351
GelMA,GelMA deep 2,primary,182.4,220.745,64.7316,0.0289126
GelMA,GelMA deep 2,primary,187.2,216.657,60.6782,0.0271021
GelMA,GelMA deep 2,primary,192,212.173,56.216,0.0251091
GelMA,GelMA deep 2,primary,196.8,208.796,52.641,0.0235123
GelMA,GelMA deep 2,primary,201.6,204.849,48.9465,0.0218621
GelMA,GelMA deep 2,primary,206.4,202.367,46.5589,0.0207957
GelMA,GelMA deep 2,primary,211.2,198.788,43.3368,0.0193565
GelMA,GelMA deep 2,primary,216,196.806,40.5287,0.0181023
GelMA,GelMA deep 2,primary,220.8,195.673,39.7201,0.0177411
GelMA,GelMA deep 2,primary,225.6,193.821,37.6997,0.0168387
GelMA,GelMA deep 2,primary,230.4,191.112,34.9505,0.0156108
GelMA,GelMA deep 2,primary,235.2,189.504,33.7403,0.0150702
GelMA,GelMA deep 2,primary,240,187.472,31.6084,0.014118
GelMA,GelMA deep 2,primary,244.8,187.103,31.0287,0.0138591
GelMA,GelMA deep 2,primary,249.6,185.416,29.5807,0.0132123
GelMA,GelMA deep 2,primary,254.4,183.392,27.3289,0.0122065
GelMA,GelMA deep 2,primary,259.2,182.628,26.5651,0.0118654
GelMA,GelMA deep 2,primary,264,182.126,26.0629,0.0116411
GelMA,GelMA deep 2,primary,268.8,180.649,24.5857,0.0109813
GelMA,GelMA deep 2,primary,273.6,180.441,24.3775,0.0108883
GelMA,GelMA deep 2,primary,278.4,178.932,22.869,0.0102145
GelMA,GelMA deep 2,primary,283.2,179.695,23.6316,0.0105551
GelMA,GelMA deep 2,primary,288,177.62,21.5569,0.00962844
GelMA,GelMA deep 2,primary,292.8,177.515,21.4517,0.00958146
GelMA,GelMA deep 2,primary,297.6,176.855,20.7913,0.00928652
GelMA,GelMA deep 2,primary,302.4,175.941,19.8776,0.00887841
GelMA,GelMA deep 2,primary,307.2,175.712,19.6483,0.00877598
GelMA,GelMA deep 2,primary,312,174.952,18.8883,0.00843652
GelMA,GelMA deep 2,primary,316.8,174.55,18.4872,0.00825737
GelMA,GelMA deep 2,primary,321.6,173.794,17.7306,0.00791943
GelMA,GelMA deep 2,primary,326.4,173.081,17.0173,0.00760083
GelMA,GelMA deep 2,primary,331.2,172.899,16.8362,0.00751994
GelMA,GelMA deep 2,primary,336,171.43,15.3671,0.00686375
GelMA,GelMA deep 2,primary,340.8,171.977,15.9139,0.007108
GelMA,GelMA deep 2,primary,345.6,171.218,15.155,0.00676905
GelMA,GelMA deep 2,primary,350.4,171.226,15.1629,0.00677257
GelMA,GelMA deep 2,primary,355.2,171.175,15.1113,0.0067495
GelMA,GelMA deep 2,primary,360,170.816,14.7524,0.00658919
GelMA,GelMA deep 2,primary,364.8,169.709,13.6455,0.00609479
GelMA,GelMA deep 2,primary,369.6,169.484,13.4203,0.00599423
GelMA,GelMA deep 2,primary,374.4,169.695,13.6315,0.00608857
GelMA,GelMA deep 2,primary,379.2,169.212,13.149,0.00587303
GelMA,GelMA deep 2,primary,384,169.19,13.1271,0.00586327
GelMA,GelMA deep 2,primary,388.8,168.743,12.68,0.00566357
GelMA,GelMA deep 2,primary,393.6,168.323,12.2595,0.00547575
GelMA,GelMA deep 2,primary,398.4,167.977,11.9142,0.00532152
GelMA,GelMA deep 2,primary,403.2,167.878,11.8144,0.00527695
GelMA,GelMA deep 2,primary,408,167.929,11.8662,0.00530009
GelMA,GelMA deep 2,primary,412.8,168.121,12.0576,0.00538555
GelMA,GelMA deep 2,primary,417.6,167.063,10.9995,0.00491295
GelMA,GelMA deep 2,primary,422.4,166.788,10.7248,0.00479028
GelMA,GelMA deep 2,primary,427.2,166.998,10.9351,0.00488422
GelMA,GelMA deep 2,primary,432,166.446,10.3824,0.00463734
GelMA,GelMA deep 2,primary,436.8,166.436,10.373,0.00463312
GelMA,GelMA deep 2,primary,441.6,166.621,10.5581,0.00471583
GelMA,GelMA deep 2,primary,446.4,166.232,10.1684,0.00454175
GelMA,GelMA deep 2,primary,451.2,166.129,10.0662,0.0044961
GelMA,GelMA deep 2,primary,456,165.812,9.74856,0.00435423
GelMA,GelMA deep 2,primary,460.8,165.814,9.75057,0.00435513
GelMA,GelMA deep 2,primary,465.6,164.942,8.87827,0.00396551
GelMA,GelMA deep 2,primary,470.4,164.703,8.63998,0.00385908
GelMA,GelMA deep 2,primary,475.2,165.562,9.49904,0.00424278
GelMA,GelMA short (aux),aux,0,3659.54,3505.87,0.998755
GelMA,GelMA short (aux),aux,4.8,3664.54,3511.41,1.00033
GelMA,GelMA short (aux),aux,9.6,3667.21,3513.44,1.00091
GelMA,GelMA short (aux),aux,14.4,3668.67,3514.99,1.00135
GelMA,GelMA short (aux),aux,19.2,3659.34,3505.66,0.998695
GelMA,GelMA short (aux),aux,24,3642.77,3489.32,0.994041
GelMA,GelMA short (aux),aux,28.8,3615.58,3461.68,0.986168
GelMA,GelMA short (aux),aux,33.6,3572.27,3418.37,0.97383
GelMA,GelMA short (aux),aux,38.4,3512.18,3358,0.956632
GelMA,GelMA short (aux),aux,43.2,3425.17,3271.19,0.931901
GelMA,GelMA short (aux),aux,48,3323.6,3168.89,0.902757
GelMA,GelMA short (aux),aux,52.8,3204.28,3049.38,0.86871
GelMA,GelMA short (aux),aux,57.6,3028.5,2873.71,0.818664
GelMA,GelMA short (aux),aux,62.4,2747.94,2593.05,0.738712
GelMA,GelMA short (aux),aux,67.2,2404.75,2249.46,0.640828
GelMA,GelMA short (aux),aux,72,2005.61,1850.9,0.527287
GelMA,GelMA short (aux),aux,76.8,1628.36,1473.54,0.419783
GelMA,GelMA short (aux),aux,81.6,1314.62,1159.54,0.330332
GelMA,GelMA short (aux),aux,86.4,1081.83,926.981,0.264079
GelMA,GelMA short (aux),aux,91.2,898.21,743.429,0.211789
GelMA,GelMA short (aux),aux,96,763.215,608.357,0.173309
GelMA,GelMA short (aux),aux,100.8,658.834,503.608,0.143468
GelMA,GelMA short (aux),aux,105.6,576.663,421.253,0.120007
GelMA,GelMA short (aux),aux,110.4,511.908,356.276,0.101496
GelMA,GelMA short (aux),aux,115.2,465.178,309.837,0.0882667
GelMA,GelMA short (aux),aux,120,424.405,269.099,0.0766612
GelMA,GelMA short (aux),aux,124.8,393.803,238.328,0.0678951
GelMA,GelMA short (aux),aux,129.6,367.421,212.262,0.0604693
GelMA,GelMA short (aux),aux,134.4,347.594,191.955,0.0546843
GelMA,GelMA short (aux),aux,139.2,330.987,175.73,0.0500622
Hybrid,Hybrid deep,primary,0,906.402,753.966,0.998191
Hybrid,Hybrid deep,primary,4.8,907.785,755.438,1.00014
Hybrid,Hybrid deep,primary,9.6,908.427,756.593,1.00167
Hybrid,Hybrid deep,primary,14.4,912.392,760.4,1.00671
Hybrid,Hybrid deep,primary,19.2,909.241,756.979,1.00218
Hybrid,Hybrid deep,primary,24,906.731,754.629,0.999069
Hybrid,Hybrid deep,primary,28.8,912.611,759.836,1.00596
Hybrid,Hybrid deep,primary,33.6,912.163,759.78,1.00589
Hybrid,Hybrid deep,primary,38.4,910.348,757.787,1.00325
Hybrid,Hybrid deep,primary,43.2,913.852,760.745,1.00717
Hybrid,Hybrid deep,primary,48,911.986,758.809,1.0046
Hybrid,Hybrid deep,primary,52.8,908.286,754.972,0.999524
Hybrid,Hybrid deep,primary,57.6,909.224,755.894,1.00074
Hybrid,Hybrid deep,primary,62.4,906.863,753.613,0.997724
Hybrid,Hybrid deep,primary,67.2,905.96,752.676,0.996483
Hybrid,Hybrid deep,primary,72,901.209,747.823,0.990059
Hybrid,Hybrid deep,primary,76.8,903.616,749.944,0.992866
Hybrid,Hybrid deep,primary,81.6,899.2,745.705,0.987254
Hybrid,Hybrid deep,primary,86.4,897.776,744.422,0.985556
Hybrid,Hybrid deep,primary,91.2,900.065,746.474,0.988273
Hybrid,Hybrid deep,primary,96,897.881,744.228,0.9853
Hybrid,Hybrid deep,primary,100.8,896.681,742.729,0.983314
Hybrid,Hybrid deep,primary,105.6,893.734,739.799,0.979435
Hybrid,Hybrid deep,primary,110.4,893.584,739.761,0.979384
Hybrid,Hybrid deep,primary,115.2,892.284,738.087,0.977169
Hybrid,Hybrid deep,primary,120,888.618,734.249,0.972088
Hybrid,Hybrid deep,primary,124.8,888.557,734.217,0.972046
Hybrid,Hybrid deep,primary,129.6,887.109,733.009,0.970446
Hybrid,Hybrid deep,primary,134.4,889.193,735.316,0.9735
Hybrid,Hybrid deep,primary,139.2,883.215,729.222,0.965433
Hybrid,Hybrid deep,primary,144,885.475,731.164,0.968004
Hybrid,Hybrid deep,primary,148.8,879.842,725.851,0.96097
Hybrid,Hybrid deep,primary,153.6,876.57,722.79,0.956917
Hybrid,Hybrid deep,primary,158.4,878.006,723.887,0.958369
Hybrid,Hybrid deep,primary,163.2,876.729,722.579,0.956638
Hybrid,Hybrid deep,primary,168,875.475,721.159,0.954757
Hybrid,Hybrid deep,primary,172.8,876.722,722.62,0.956692
Hybrid,Hybrid deep,primary,177.6,871.844,717.819,0.950336
Hybrid,Hybrid deep,primary,182.4,869.037,714.947,0.946534
Hybrid,Hybrid deep,primary,187.2,870.009,715.799,0.947662
Hybrid,Hybrid deep,primary,192,870.258,716.081,0.948035
Hybrid,Hybrid deep,primary,196.8,868.259,714.129,0.94545
Hybrid,Hybrid deep,primary,201.6,867.802,713.52,0.944645
Hybrid,Hybrid deep,primary,206.4,865.905,711.436,0.941885
Hybrid,Hybrid deep,primary,211.2,859.933,705.451,0.933961
Hybrid,Hybrid deep,primary,216,861.282,706.679,0.935588
Hybrid,Hybrid deep,primary,220.8,859.328,704.422,0.9326
Hybrid,Hybrid deep,primary,225.6,859.489,704.852,0.933168
Hybrid,Hybrid deep,primary,230.4,857.435,702.753,0.930389
Hybrid,Hybrid deep,primary,235.2,848.245,693.784,0.918515
Hybrid,Hybrid deep,primary,240,854.042,699.467,0.926039
Hybrid,Hybrid deep,primary,244.8,851.182,696.667,0.922332
Hybrid,Hybrid deep,primary,249.6,849.756,695.101,0.920259
Hybrid,Hybrid deep,primary,254.4,850.154,695.742,0.921108
Hybrid,Hybrid deep,primary,259.2,848.173,693.631,0.918313
Hybrid,Hybrid deep,primary,264,845.097,690.621,0.914328
Hybrid,Hybrid deep,primary,268.8,842.398,688.078,0.910961
Hybrid,Hybrid deep,primary,273.6,841.129,686.42,0.908766
Hybrid,Hybrid deep,primary,278.4,841.454,686.743,0.909194
Hybrid,Hybrid deep,primary,283.2,838.113,683.396,0.904762
Hybrid,Hybrid deep,primary,288,837.626,683.388,0.904751
Hybrid,Hybrid deep,primary,292.8,835.978,681.696,0.902512
Hybrid,Hybrid deep,primary,297.6,833.191,679.039,0.898994
Hybrid,Hybrid deep,primary,302.4,835.124,681.025,0.901623
Hybrid,Hybrid deep,primary,307.2,833.303,678.889,0.898795
Hybrid,Hybrid deep,primary,312,830.259,675.567,0.894398
Hybrid,Hybrid deep,primary,316.8,833.779,679.266,0.899294
Hybrid,Hybrid deep,primary,321.6,828.762,674.17,0.892548
Hybrid,Hybrid deep,primary,326.4,829.59,674.749,0.893315
Hybrid,Hybrid deep,primary,331.2,826.966,672.256,0.890013
Hybrid,Hybrid deep,primary,336,825.186,670.323,0.887455
Hybrid,Hybrid deep,primary,340.8,822.601,667.866,0.884201
Hybrid,Hybrid deep,primary,345.6,821.572,667.059,0.883133
Hybrid,Hybrid deep,primary,350.4,819.406,664.964,0.88036
Hybrid,Hybrid deep,primary,355.2,819.675,665.428,0.880975
Hybrid,Hybrid deep,primary,360,820.381,665.84,0.881519
Hybrid,Hybrid deep,primary,364.8,817.821,662.967,0.877716
Hybrid,Hybrid deep,primary,369.6,820.815,666.395,0.882254
Hybrid,Hybrid deep,primary,374.4,817.401,662.486,0.877078
Hybrid,Hybrid deep,primary,379.2,814.184,659.06,0.872543
Hybrid,Hybrid deep,primary,384,813.242,658.48,0.871776
Hybrid,Hybrid deep,primary,388.8,813.252,658.534,0.871847
Hybrid,Hybrid deep,primary,393.6,812.684,658.207,0.871413
Hybrid,Hybrid deep,primary,398.4,814.412,659.746,0.873452
Hybrid,Hybrid deep,primary,403.2,808.268,653.556,0.865257
Hybrid,Hybrid deep,primary,408,811.233,656.469,0.869113
Hybrid,Hybrid deep,primary,412.8,807.415,652.977,0.86449
Hybrid,Hybrid deep,primary,417.6,806.991,652.823,0.864286
Hybrid,Hybrid deep,primary,422.4,806.47,652.297,0.86359
Hybrid,Hybrid deep,primary,427.2,806.817,652.848,0.864319
Hybrid,Hybrid deep,primary,432,807.012,652.853,0.864326
Hybrid,Hybrid deep,primary,436.8,805.19,650.837,0.861657
Hybrid,Hybrid deep,primary,441.6,805.732,651.287,0.862252
Hybrid,Hybrid deep,primary,446.4,806.619,652.055,0.86327
Hybrid,Hybrid deep,primary,451.2,806.033,651.821,0.86296
Hybrid,Hybrid deep,primary,456,805.03,650.441,0.861132
Hybrid,Hybrid deep,primary,460.8,804.257,649.77,0.860244
Hybrid,Hybrid deep,primary,465.6,804.207,649.557,0.859962
Hybrid,Hybrid deep,primary,470.4,804.125,649.851,0.860351
Hybrid,Hybrid deep,primary,475.2,798.945,644.249,0.852935
Hybrid,Hybrid deep2 a,primary,0,1675.2,1522.76,1.0007
Hybrid,Hybrid deep2 a,primary,4.8,1673.64,1521.29,0.999737
Hybrid,Hybrid deep2 a,primary,9.6,1672.86,1521.02,0.99956
Hybrid,Hybrid deep2 a,primary,14.4,1671.32,1519.33,0.998447
Hybrid,Hybrid deep2 a,primary,19.2,1666.17,1513.9,0.99488
Hybrid,Hybrid deep2 a,primary,24,1661.55,1509.45,0.99195
Hybrid,Hybrid deep2 a,primary,28.8,1654.18,1501.4,0.986666
Hybrid,Hybrid deep2 a,primary,33.6,1654.95,1502.57,0.987433
Hybrid,Hybrid deep2 a,primary,38.4,1647.15,1494.59,0.98219
Hybrid,Hybrid deep2 a,primary,43.2,1644.22,1491.11,0.9799
Hybrid,Hybrid deep2 a,primary,48,1648.01,1494.83,0.982349
Hybrid,Hybrid deep2 a,primary,52.8,1638.28,1484.97,0.975866
Hybrid,Hybrid deep2 a,primary,57.6,1635.13,1481.8,0.973781
Hybrid,Hybrid deep2 a,primary,62.4,1635.52,1482.27,0.974092
Hybrid,Hybrid deep2 a,primary,67.2,1634.61,1481.33,0.973472
Hybrid,Hybrid deep2 a,primary,72,1635.06,1481.67,0.973698
Hybrid,Hybrid deep2 a,primary,76.8,1622.34,1468.66,0.965151
Hybrid,Hybrid deep2 a,primary,81.6,1614.91,1461.42,0.960387
Hybrid,Hybrid deep2 a,primary,86.4,1609.39,1456.04,0.956855
Hybrid,Hybrid deep2 a,primary,91.2,1613.3,1459.71,0.959268
Hybrid,Hybrid deep2 a,primary,96,1601.62,1447.96,0.951546
Hybrid,Hybrid deep2 a,primary,100.8,1598.78,1444.83,0.949486
Hybrid,Hybrid deep2 a,primary,105.6,1588.52,1434.59,0.942758
Hybrid,Hybrid deep2 a,primary,110.4,1583.23,1429.41,0.939352
Hybrid,Hybrid deep2 a,primary,115.2,1574.6,1420.41,0.933437
Hybrid,Hybrid deep2 a,primary,120,1573.28,1418.91,0.932455
Hybrid,Hybrid deep2 a,primary,124.8,1565.34,1411,0.927259
Hybrid,Hybrid deep2 a,primary,129.6,1566.95,1412.85,0.92847
Hybrid,Hybrid deep2 a,primary,134.4,1560.98,1407.1,0.924694
Hybrid,Hybrid deep2 a,primary,139.2,1553.28,1399.28,0.919557
Hybrid,Hybrid deep2 a,primary,144,1542.1,1387.79,0.912004
Hybrid,Hybrid deep2 a,primary,148.8,1539.39,1385.4,0.910432
Hybrid,Hybrid deep2 a,primary,153.6,1538.2,1384.42,0.909789
Hybrid,Hybrid deep2 a,primary,158.4,1529.53,1375.41,0.903868
Hybrid,Hybrid deep2 a,primary,163.2,1524.85,1370.7,0.900772
Hybrid,Hybrid deep2 a,primary,168,1519.12,1364.8,0.896894
Hybrid,Hybrid deep2 a,primary,172.8,1511.11,1357.01,0.891773
Hybrid,Hybrid deep2 a,primary,177.6,1507.43,1353.4,0.889404
Hybrid,Hybrid deep2 a,primary,182.4,1504.32,1350.23,0.887318
Hybrid,Hybrid deep2 a,primary,187.2,1497.9,1343.69,0.883021
Hybrid,Hybrid deep2 a,primary,192,1501.16,1346.98,0.885185
Hybrid,Hybrid deep2 a,primary,196.8,1489.88,1335.75,0.877806
Hybrid,Hybrid deep2 a,primary,201.6,1489.88,1335.6,0.877705
Hybrid,Hybrid deep2 a,primary,206.4,1476.02,1321.55,0.868472
Hybrid,Hybrid deep2 a,primary,211.2,1475.75,1321.27,0.868286
Hybrid,Hybrid deep2 a,primary,216,1475.14,1320.53,0.867805
Hybrid,Hybrid deep2 a,primary,220.8,1465.01,1310.1,0.860949
Hybrid,Hybrid deep2 a,primary,225.6,1464.56,1309.92,0.860831
Hybrid,Hybrid deep2 a,primary,230.4,1454.21,1299.52,0.853998
Hybrid,Hybrid deep2 a,primary,235.2,1448.45,1293.99,0.850358
Hybrid,Hybrid deep2 a,primary,240,1443.1,1288.52,0.846768
Hybrid,Hybrid deep2 a,primary,244.8,1438.09,1283.58,0.843518
Hybrid,Hybrid deep2 a,primary,249.6,1429.72,1275.06,0.837924
Hybrid,Hybrid deep2 a,primary,254.4,1427.47,1273.06,0.836609
Hybrid,Hybrid deep2 a,primary,259.2,1419.51,1264.97,0.83129
Hybrid,Hybrid deep2 a,primary,264,1416.36,1261.89,0.829264
Hybrid,Hybrid deep2 a,primary,268.8,1408.19,1253.87,0.823998
Hybrid,Hybrid deep2 a,primary,273.6,1399.9,1245.19,0.81829
Hybrid,Hybrid deep2 a,primary,278.4,1389.85,1235.14,0.811687
Hybrid,Hybrid deep2 a,primary,283.2,1383.62,1228.91,0.80759
Hybrid,Hybrid deep2 a,primary,288,1375.46,1221.23,0.802544
Hybrid,Hybrid deep2 a,primary,292.8,1370.8,1216.52,0.799449
Hybrid,Hybrid deep2 a,primary,297.6,1362.79,1208.64,0.794271
Hybrid,Hybrid deep2 a,primary,302.4,1357.23,1203.13,0.790653
Hybrid,Hybrid deep2 a,primary,307.2,1343.38,1188.96,0.781341
Hybrid,Hybrid deep2 a,primary,312,1334.75,1180.06,0.77549
Hybrid,Hybrid deep2 a,primary,316.8,1320.69,1166.18,0.766366
Hybrid,Hybrid deep2 a,primary,321.6,1311.19,1156.6,0.760075
Hybrid,Hybrid deep2 a,primary,326.4,1304.29,1149.45,0.755375
Hybrid,Hybrid deep2 a,primary,331.2,1290.34,1135.63,0.746293
Hybrid,Hybrid deep2 a,primary,336,1276.63,1121.77,0.737185
Hybrid,Hybrid deep2 a,primary,340.8,1263.99,1109.25,0.728959
Hybrid,Hybrid deep2 a,primary,345.6,1244.96,1090.45,0.716602
Hybrid,Hybrid deep2 a,primary,350.4,1231,1076.56,0.707473
Hybrid,Hybrid deep2 a,primary,355.2,1211.62,1057.37,0.694865
Hybrid,Hybrid deep2 a,primary,360,1187.4,1032.86,0.678754
Hybrid,Hybrid deep2 a,primary,364.8,1167.18,1012.33,0.665263
Hybrid,Hybrid deep2 a,primary,369.6,1146.71,992.286,0.652093
Hybrid,Hybrid deep2 a,primary,374.4,1115.76,960.843,0.63143
Hybrid,Hybrid deep2 a,primary,379.2,1089.44,934.312,0.613995
Hybrid,Hybrid deep2 a,primary,384,1059.04,904.275,0.594256
Hybrid,Hybrid deep2 a,primary,388.8,1025.61,870.888,0.572315
Hybrid,Hybrid deep2 a,primary,393.6,991.256,836.778,0.549899
Hybrid,Hybrid deep2 a,primary,398.4,954.479,799.813,0.525607
Hybrid,Hybrid deep2 a,primary,403.2,919.761,765.049,0.502761
Hybrid,Hybrid deep2 a,primary,408,873.622,718.859,0.472407
Hybrid,Hybrid deep2 a,primary,412.8,833.627,679.19,0.446338
Hybrid,Hybrid deep2 a,primary,417.6,788.865,634.698,0.417099
Hybrid,Hybrid deep2 a,primary,422.4,752.585,598.412,0.393254
Hybrid,Hybrid deep2 a,primary,427.2,707.073,553.103,0.363478
Hybrid,Hybrid deep2 a,primary,432,661.19,507.031,0.333202
Hybrid,Hybrid deep2 a,primary,436.8,622.502,468.149,0.30765
Hybrid,Hybrid deep2 a,primary,441.6,586.96,432.515,0.284233
Hybrid,Hybrid deep2 a,primary,446.4,551.04,396.476,0.260549
Hybrid,Hybrid deep2 a,primary,451.2,514.368,360.157,0.236682
Hybrid,Hybrid deep2 a,primary,456,482.189,327.6,0.215286
Hybrid,Hybrid deep2 a,primary,460.8,451.904,297.417,0.195451
Hybrid,Hybrid deep2 a,primary,465.6,426.935,272.286,0.178936
Hybrid,Hybrid deep2 a,primary,470.4,404.738,250.464,0.164595
Hybrid,Hybrid deep2 a,primary,475.2,384.249,229.554,0.150854
Hybrid,Hybrid deep2 b,primary,0,1814.91,1662.48,1.00484
Hybrid,Hybrid deep2 b,primary,4.8,1807.42,1655.07,1.00037
Hybrid,Hybrid deep2 b,primary,9.6,1797.68,1645.85,0.994791
Hybrid,Hybrid deep2 b,primary,14.4,1796.84,1644.85,0.994191
Hybrid,Hybrid deep2 b,primary,19.2,1789.44,1637.18,0.98955
Hybrid,Hybrid deep2 b,primary,24,1779.49,1627.39,0.983633
Hybrid,Hybrid deep2 b,primary,28.8,1770.54,1617.76,0.977815
Hybrid,Hybrid deep2 b,primary,33.6,1761.7,1609.31,0.972709
Hybrid,Hybrid deep2 b,primary,38.4,1761.83,1609.27,0.972683
Hybrid,Hybrid deep2 b,primary,43.2,1756.47,1603.36,0.969112
Hybrid,Hybrid deep2 b,primary,48,1756.31,1603.14,0.968975
Hybrid,Hybrid deep2 b,primary,52.8,1749.96,1596.65,0.965054
Hybrid,Hybrid deep2 b,primary,57.6,1747.44,1594.11,0.963523
Hybrid,Hybrid deep2 b,primary,62.4,1739.7,1586.45,0.958889
Hybrid,Hybrid deep2 b,primary,67.2,1732.96,1579.68,0.954798
Hybrid,Hybrid deep2 b,primary,72,1718.85,1565.47,0.946209
Hybrid,Hybrid deep2 b,primary,76.8,1717.71,1564.04,0.945346
Hybrid,Hybrid deep2 b,primary,81.6,1712.36,1558.86,0.942214
Hybrid,Hybrid deep2 b,primary,86.4,1705.1,1551.75,0.937917
Hybrid,Hybrid deep2 b,primary,91.2,1703.82,1550.22,0.936995
Hybrid,Hybrid deep2 b,primary,96,1696.75,1543.1,0.932686
Hybrid,Hybrid deep2 b,primary,100.8,1687.8,1533.85,0.927095
Hybrid,Hybrid deep2 b,primary,105.6,1676.04,1522.11,0.92
Hybrid,Hybrid deep2 b,primary,110.4,1670.61,1516.79,0.916786
Hybrid,Hybrid deep2 b,primary,115.2,1662.93,1508.73,0.911913
Hybrid,Hybrid deep2 b,primary,120,1655.67,1501.3,0.907426
Hybrid,Hybrid deep2 b,primary,124.8,1644.13,1489.79,0.900467
Hybrid,Hybrid deep2 b,primary,129.6,1628.95,1474.85,0.891438
Hybrid,Hybrid deep2 b,primary,134.4,1613.64,1459.76,0.882317
Hybrid,Hybrid deep2 b,primary,139.2,1600.34,1446.34,0.874206
Hybrid,Hybrid deep2 b,primary,144,1583.19,1428.88,0.863648
Hybrid,Hybrid deep2 b,primary,148.8,1570.42,1416.43,0.856128
Hybrid,Hybrid deep2 b,primary,153.6,1549.02,1395.24,0.843318
Hybrid,Hybrid deep2 b,primary,158.4,1524.95,1370.83,0.828567
Hybrid,Hybrid deep2 b,primary,163.2,1515.65,1361.5,0.822927
Hybrid,Hybrid deep2 b,primary,168,1494.57,1340.25,0.810084
Hybrid,Hybrid deep2 b,primary,172.8,1475.16,1321.06,0.798481
Hybrid,Hybrid deep2 b,primary,177.6,1454.96,1300.94,0.78632
Hybrid,Hybrid deep2 b,primary,182.4,1434.91,1280.82,0.77416
Hybrid,Hybrid deep2 b,primary,187.2,1414.46,1260.25,0.761728
Hybrid,Hybrid deep2 b,primary,192,1390.08,1235.9,0.747009
Hybrid,Hybrid deep2 b,primary,196.8,1371.18,1217.05,0.735615
Hybrid,Hybrid deep2 b,primary,201.6,1343.82,1189.54,0.718987
Hybrid,Hybrid deep2 b,primary,206.4,1322.69,1168.22,0.7061
Hybrid,Hybrid deep2 b,primary,211.2,1296.96,1142.48,0.690543
Hybrid,Hybrid deep2 b,primary,216,1274.42,1119.81,0.676844
Hybrid,Hybrid deep2 b,primary,220.8,1245.96,1091.05,0.65946
Hybrid,Hybrid deep2 b,primary,225.6,1214.62,1059.98,0.640679
Hybrid,Hybrid deep2 b,primary,230.4,1188.21,1033.53,0.624691
Hybrid,Hybrid deep2 b,primary,235.2,1164.75,1010.29,0.610643
Hybrid,Hybrid deep2 b,primary,240,1131.33,976.757,0.590377
Hybrid,Hybrid deep2 b,primary,244.8,1107.78,953.261,0.576175
Hybrid,Hybrid deep2 b,primary,249.6,1076.4,921.749,0.557128
Hybrid,Hybrid deep2 b,primary,254.4,1054.63,900.221,0.544116
Hybrid,Hybrid deep2 b,primary,259.2,1024.33,869.788,0.525721
Hybrid,Hybrid deep2 b,primary,264,995.265,840.789,0.508194
Hybrid,Hybrid deep2 b,primary,268.8,970.58,816.26,0.493368
Hybrid,Hybrid deep2 b,primary,273.6,942.618,787.909,0.476232
Hybrid,Hybrid deep2 b,primary,278.4,917.911,763.2,0.461297
Hybrid,Hybrid deep2 b,primary,283.2,889.63,734.912,0.4442
Hybrid,Hybrid deep2 b,primary,288,866.543,712.305,0.430535
Hybrid,Hybrid deep2 b,primary,292.8,836.74,682.458,0.412495
Hybrid,Hybrid deep2 b,primary,297.6,811.93,657.777,0.397577
Hybrid,Hybrid deep2 b,primary,302.4,785.029,630.93,0.38135
Hybrid,Hybrid deep2 b,primary,307.2,764.572,610.157,0.368794
Hybrid,Hybrid deep2 b,primary,312,737.005,582.314,0.351965
Hybrid,Hybrid deep2 b,primary,316.8,710.274,555.762,0.335916
Hybrid,Hybrid deep2 b,primary,321.6,684.464,529.872,0.320268
Hybrid,Hybrid deep2 b,primary,326.4,658.598,503.758,0.304484
Hybrid,Hybrid deep2 b,primary,331.2,634.536,479.826,0.290019
Hybrid,Hybrid deep2 b,primary,336,610.915,456.052,0.27565
Hybrid,Hybrid deep2 b,primary,340.8,586.767,432.031,0.26113
Hybrid,Hybrid deep2 b,primary,345.6,561.834,407.321,0.246195
Hybrid,Hybrid deep2 b,primary,350.4,539.553,385.11,0.23277
Hybrid,Hybrid deep2 b,primary,355.2,515.175,360.929,0.218154
Hybrid,Hybrid deep2 b,primary,360,494.916,340.375,0.205731
Hybrid,Hybrid deep2 b,primary,364.8,469.653,314.799,0.190272
Hybrid,Hybrid deep2 b,primary,369.6,445.969,291.548,0.176219
Hybrid,Hybrid deep2 b,primary,374.4,425.289,270.373,0.16342
Hybrid,Hybrid deep2 b,primary,379.2,405.181,250.057,0.151141
Hybrid,Hybrid deep2 b,primary,384,386.271,231.51,0.13993
Hybrid,Hybrid deep2 b,primary,388.8,367.136,212.418,0.128391
Hybrid,Hybrid deep2 b,primary,393.6,351.519,197.042,0.119097
Hybrid,Hybrid deep2 b,primary,398.4,334.905,180.239,0.108941
Hybrid,Hybrid deep2 b,primary,403.2,321.063,166.35,0.100546
Hybrid,Hybrid deep2 b,primary,408,309.413,154.649,0.0934739
Hybrid,Hybrid deep2 b,primary,412.8,298.2,143.762,0.0868936
Hybrid,Hybrid deep2 b,primary,417.6,288.766,134.598,0.0813545
Hybrid,Hybrid deep2 b,primary,422.4,281.35,127.177,0.0768691
Hybrid,Hybrid deep2 b,primary,427.2,274.09,120.12,0.0726038
Hybrid,Hybrid deep2 b,primary,432,266.054,111.895,0.0676321
Hybrid,Hybrid deep2 b,primary,436.8,261.519,107.167,0.0647742
Hybrid,Hybrid deep2 b,primary,441.6,256.159,101.714,0.0614782
Hybrid,Hybrid deep2 b,primary,446.4,250.468,95.9038,0.0579666
Hybrid,Hybrid deep2 b,primary,451.2,247.275,93.0641,0.0562503
Hybrid,Hybrid deep2 b,primary,456,244.129,89.5402,0.0541203
Hybrid,Hybrid deep2 b,primary,460.8,239.764,85.2775,0.0515438
Hybrid,Hybrid deep2 b,primary,465.6,237.962,83.3123,0.0503561
Hybrid,Hybrid deep2 b,primary,470.4,235.699,81.425,0.0492153
Hybrid,Hybrid deep2 b,primary,475.2,232.95,78.2543,0.0472989
Hybrid,Hybrid short (aux),aux,0,815.799,663.363,0.996897
Hybrid,Hybrid short (aux),aux,4.8,819.21,666.863,1.00216
Hybrid,Hybrid short (aux),aux,9.6,817.893,666.059,1.00095
Hybrid,Hybrid short (aux),aux,14.4,820.756,668.765,1.00501
Hybrid,Hybrid short (aux),aux,19.2,824.454,672.192,1.01016
Hybrid,Hybrid short (aux),aux,24,827.013,674.911,1.01425
Hybrid,Hybrid short (aux),aux,28.8,829.587,676.813,1.01711
Hybrid,Hybrid short (aux),aux,33.6,832.412,680.029,1.02194
Hybrid,Hybrid short (aux),aux,38.4,832.692,680.131,1.0221
Hybrid,Hybrid short (aux),aux,43.2,835.227,682.119,1.02508
Hybrid,Hybrid short (aux),aux,48,836.669,683.492,1.02715
Hybrid,Hybrid short (aux),aux,52.8,836.528,683.215,1.02673
Hybrid,Hybrid short (aux),aux,57.6,839.593,686.263,1.03131
Hybrid,Hybrid short (aux),aux,62.4,839.632,686.381,1.03149
Hybrid,Hybrid short (aux),aux,67.2,841.832,688.548,1.03474
Hybrid,Hybrid short (aux),aux,72,842.45,689.064,1.03552
Hybrid,Hybrid short (aux),aux,76.8,843.159,689.487,1.03615
Hybrid,Hybrid short (aux),aux,81.6,845.089,691.594,1.03932
Hybrid,Hybrid short (aux),aux,86.4,844.908,691.554,1.03926
Hybrid,Hybrid short (aux),aux,91.2,844.285,690.694,1.03797
Hybrid,Hybrid short (aux),aux,96,844.186,690.533,1.03773
Hybrid,Hybrid short (aux),aux,100.8,843.75,689.798,1.03662
Hybrid,Hybrid short (aux),aux,105.6,843.553,689.618,1.03635
Hybrid,Hybrid short (aux),aux,110.4,841.795,687.971,1.03388
Hybrid,Hybrid short (aux),aux,115.2,840.719,686.522,1.0317
Hybrid,Hybrid short (aux),aux,120,842.949,688.58,1.03479
Hybrid,Hybrid short (aux),aux,124.8,839.577,685.237,1.02977
Hybrid,Hybrid short (aux),aux,129.6,838.106,684.006,1.02792
Hybrid,Hybrid short (aux),aux,134.4,837.88,684.003,1.02791
Hybrid,Hybrid short (aux),aux,139.2,833.412,679.419,1.02103
