volume,VE_gt_vf,dice_fluorostats(otsu),dice_fluorostats(li),dice_fluorostats(triangle),dice_fluorostats(auto),dice_fluorostats(consensus),dice_scikit-image(otsu),auto_chose
210426_592-1-lepleft_500x_VEA.tif,0.0269,0.1085,0.6074,0.5941,0.6074,0.1131,0.127,li
210426_592-1-lepright_500x_VEA.tif,0.03706,0.0701,0.6058,0.416,0.6058,0.0736,0.077,li
210428_ob593left_500x_VEA.tif,0.0259,0.0834,0.5803,0.5751,0.5803,0.0929,0.1014,li
210428_ob593right_500x_VEA.tif,0.03615,0.0951,0.6036,0.4248,0.6036,0.1013,0.1037,li
210426_592-1-lepleft_750x_VEB.tif,0.02428,0.0965,0.6012,0.6101,0.6012,0.1006,0.1129,li
210426_592-1-lepright_750x_VEB.tif,0.03028,0.0828,0.6067,0.5003,0.6067,0.0877,0.0925,li
210428_ob593left_750x_VEB.tif,0.02386,0.0795,0.5776,0.5438,0.5776,0.0838,0.094,li
210428_ob593right_750x_VEB.tif,0.03068,0.0835,0.5973,0.4321,0.5973,0.0881,0.0912,li
210426_592-1-lepleft_1000x_VEC.tif,0.02305,0.1025,0.6008,0.5902,0.6008,0.1069,0.1175,li
